time,ts,count,type
2012-11-02 04:00:00,1351828800,1,coned
2012-11-02 04:05:00,1351829100,0,coned
2012-11-02 04:10:00,1351829400,0,coned
2012-11-02 04:15:00,1351829700,0,coned
2012-11-02 04:20:00,1351830000,0,coned
2012-11-02 04:25:00,1351830300,0,coned
2012-11-02 04:30:00,1351830600,0,coned
2012-11-02 04:35:00,1351830900,0,coned
2012-11-02 04:40:00,1351831200,0,coned
2012-11-02 04:45:00,1351831500,0,coned
2012-11-02 04:50:00,1351831800,0,coned
2012-11-02 04:55:00,1351832100,0,coned
2012-11-02 05:00:00,1351832400,0,coned
2012-11-02 05:05:00,1351832700,0,coned
2012-11-02 05:10:00,1351833000,0,coned
2012-11-02 05:15:00,1351833300,0,coned
2012-11-02 05:20:00,1351833600,0,coned
2012-11-02 05:25:00,1351833900,0,coned
2012-11-02 05:30:00,1351834200,0,coned
2012-11-02 05:35:00,1351834500,0,coned
2012-11-02 05:40:00,1351834800,0,coned
2012-11-02 05:45:00,1351835100,0,coned
2012-11-02 05:50:00,1351835400,0,coned
2012-11-02 05:55:00,1351835700,0,coned
2012-11-02 06:00:00,1351836000,0,coned
2012-11-02 06:05:00,1351836300,0,coned
2012-11-02 06:10:00,1351836600,0,coned
2012-11-02 06:15:00,1351836900,0,coned
2012-11-02 06:20:00,1351837200,0,coned
2012-11-02 06:25:00,1351837500,0,coned
2012-11-02 06:30:00,1351837800,0,coned
2012-11-02 06:35:00,1351838100,0,coned
2012-11-02 06:40:00,1351838400,0,coned
2012-11-02 06:45:00,1351838700,0,coned
2012-11-02 06:50:00,1351839000,0,coned
2012-11-02 06:55:00,1351839300,0,coned
2012-11-02 07:00:00,1351839600,0,coned
2012-11-02 07:05:00,1351839900,0,coned
2012-11-02 07:10:00,1351840200,0,coned
2012-11-02 07:15:00,1351840500,0,coned
2012-11-02 07:20:00,1351840800,0,coned
2012-11-02 07:25:00,1351841100,0,coned
2012-11-02 07:30:00,1351841400,0,coned
2012-11-02 07:35:00,1351841700,0,coned
2012-11-02 07:40:00,1351842000,0,coned
2012-11-02 07:45:00,1351842300,0,coned
2012-11-02 07:50:00,1351842600,0,coned
2012-11-02 07:55:00,1351842900,0,coned
2012-11-02 08:00:00,1351843200,0,coned
2012-11-02 08:05:00,1351843500,0,coned
2012-11-02 08:10:00,1351843800,0,coned
2012-11-02 08:15:00,1351844100,0,coned
2012-11-02 08:20:00,1351844400,0,coned
2012-11-02 08:25:00,1351844700,0,coned
2012-11-02 08:30:00,1351845000,0,coned
2012-11-02 08:35:00,1351845300,0,coned
2012-11-02 08:40:00,1351845600,0,coned
2012-11-02 08:45:00,1351845900,0,coned
2012-11-02 08:50:00,1351846200,0,coned
2012-11-02 08:55:00,1351846500,0,coned
2012-11-02 09:00:00,1351846800,0,coned
2012-11-02 09:05:00,1351847100,0,coned
2012-11-02 09:10:00,1351847400,0,coned
2012-11-02 09:15:00,1351847700,0,coned
2012-11-02 09:20:00,1351848000,0,coned
2012-11-02 09:25:00,1351848300,0,coned
2012-11-02 09:30:00,1351848600,0,coned
2012-11-02 09:35:00,1351848900,0,coned
2012-11-02 09:40:00,1351849200,0,coned
2012-11-02 09:45:00,1351849500,0,coned
2012-11-02 09:50:00,1351849800,0,coned
2012-11-02 09:55:00,1351850100,0,coned
2012-11-02 10:00:00,1351850400,0,coned
2012-11-02 10:05:00,1351850700,0,coned
2012-11-02 10:10:00,1351851000,0,coned
2012-11-02 10:15:00,1351851300,0,coned
2012-11-02 10:20:00,1351851600,0,coned
2012-11-02 10:25:00,1351851900,0,coned
2012-11-02 10:30:00,1351852200,0,coned
2012-11-02 10:35:00,1351852500,0,coned
2012-11-02 10:40:00,1351852800,0,coned
2012-11-02 10:45:00,1351853100,0,coned
2012-11-02 10:50:00,1351853400,0,coned
2012-11-02 10:55:00,1351853700,1,coned
2012-11-02 11:00:00,1351854000,0,coned
2012-11-02 11:05:00,1351854300,0,coned
2012-11-02 11:10:00,1351854600,0,coned
2012-11-02 11:15:00,1351854900,0,coned
2012-11-02 11:20:00,1351855200,0,coned
2012-11-02 11:25:00,1351855500,0,coned
2012-11-02 11:30:00,1351855800,0,coned
2012-11-02 11:35:00,1351856100,1,coned
2012-11-02 11:40:00,1351856400,1,coned
2012-11-02 11:45:00,1351856700,0,coned
2012-11-02 11:50:00,1351857000,0,coned
2012-11-02 11:55:00,1351857300,0,coned
2012-11-02 12:00:00,1351857600,0,coned
2012-11-02 12:05:00,1351857900,0,coned
2012-11-02 12:10:00,1351858200,0,coned
2012-11-02 12:15:00,1351858500,0,coned
2012-11-02 12:20:00,1351858800,0,coned
2012-11-02 12:25:00,1351859100,0,coned
2012-11-02 12:30:00,1351859400,0,coned
2012-11-02 12:35:00,1351859700,0,coned
2012-11-02 12:40:00,1351860000,0,coned
2012-11-02 12:45:00,1351860300,0,coned
2012-11-02 12:50:00,1351860600,3,coned
2012-11-02 12:55:00,1351860900,0,coned
2012-11-02 13:00:00,1351861200,0,coned
2012-11-02 13:05:00,1351861500,0,coned
2012-11-02 13:10:00,1351861800,0,coned
2012-11-02 13:15:00,1351862100,0,coned
2012-11-02 13:20:00,1351862400,0,coned
2012-11-02 13:25:00,1351862700,0,coned
2012-11-02 13:30:00,1351863000,0,coned
2012-11-02 13:35:00,1351863300,0,coned
2012-11-02 13:40:00,1351863600,0,coned
2012-11-02 13:45:00,1351863900,0,coned
2012-11-02 13:50:00,1351864200,0,coned
2012-11-02 13:55:00,1351864500,0,coned
2012-11-02 14:00:00,1351864800,0,coned
2012-11-02 14:05:00,1351865100,0,coned
2012-11-02 14:10:00,1351865400,0,coned
2012-11-02 14:15:00,1351865700,0,coned
2012-11-02 14:20:00,1351866000,1,coned
2012-11-02 14:25:00,1351866300,0,coned
2012-11-02 14:30:00,1351866600,0,coned
2012-11-02 14:35:00,1351866900,0,coned
2012-11-02 14:40:00,1351867200,0,coned
2012-11-02 14:45:00,1351867500,0,coned
2012-11-02 14:50:00,1351867800,0,coned
2012-11-02 14:55:00,1351868100,0,coned
2012-11-02 15:00:00,1351868400,0,coned
2012-11-02 15:05:00,1351868700,1,coned
2012-11-02 15:10:00,1351869000,0,coned
2012-11-02 15:15:00,1351869300,0,coned
2012-11-02 15:20:00,1351869600,0,coned
2012-11-02 15:25:00,1351869900,0,coned
2012-11-02 15:30:00,1351870200,0,coned
2012-11-02 15:35:00,1351870500,0,coned
2012-11-02 15:40:00,1351870800,0,coned
2012-11-02 15:45:00,1351871100,0,coned
2012-11-02 15:50:00,1351871400,0,coned
2012-11-02 15:55:00,1351871700,0,coned
2012-11-02 16:00:00,1351872000,0,coned
2012-11-02 16:05:00,1351872300,0,coned
2012-11-02 16:10:00,1351872600,0,coned
2012-11-02 16:15:00,1351872900,0,coned
2012-11-02 16:20:00,1351873200,0,coned
2012-11-02 16:25:00,1351873500,0,coned
2012-11-02 16:30:00,1351873800,0,coned
2012-11-02 16:35:00,1351874100,0,coned
2012-11-02 16:40:00,1351874400,0,coned
2012-11-02 16:45:00,1351874700,0,coned
2012-11-02 16:50:00,1351875000,0,coned
2012-11-02 16:55:00,1351875300,6,coned
2012-11-02 17:00:00,1351875600,2,coned
2012-11-02 17:05:00,1351875900,0,coned
2012-11-02 17:10:00,1351876200,0,coned
2012-11-02 17:15:00,1351876500,1,coned
2012-11-02 17:20:00,1351876800,1,coned
2012-11-02 17:25:00,1351877100,0,coned
2012-11-02 17:30:00,1351877400,0,coned
2012-11-02 17:35:00,1351877700,0,coned
2012-11-02 17:40:00,1351878000,1,coned
2012-11-02 17:45:00,1351878300,0,coned
2012-11-02 17:50:00,1351878600,0,coned
2012-11-02 17:55:00,1351878900,3,coned
2012-11-02 18:00:00,1351879200,5,coned
2012-11-02 18:05:00,1351879500,11,coned
2012-11-02 18:10:00,1351879800,8,coned
2012-11-02 18:15:00,1351880100,12,coned
2012-11-02 18:20:00,1351880400,4,coned
2012-11-02 18:25:00,1351880700,4,coned
2012-11-02 18:30:00,1351881000,5,coned
2012-11-02 18:35:00,1351881300,12,coned
2012-11-02 18:40:00,1351881600,3,coned
2012-11-02 18:45:00,1351881900,6,coned
2012-11-02 18:50:00,1351882200,3,coned
2012-11-02 18:55:00,1351882500,1,coned
2012-11-02 19:00:00,1351882800,1,coned
2012-11-02 19:05:00,1351883100,1,coned
2012-11-02 19:10:00,1351883400,2,coned
2012-11-02 19:15:00,1351883700,1,coned
2012-11-02 19:20:00,1351884000,0,coned
2012-11-02 19:25:00,1351884300,1,coned
2012-11-02 19:30:00,1351884600,1,coned
2012-11-02 19:35:00,1351884900,3,coned
2012-11-02 19:40:00,1351885200,2,coned
2012-11-02 19:45:00,1351885500,3,coned
2012-11-02 19:50:00,1351885800,3,coned
2012-11-02 19:55:00,1351886100,0,coned
2012-11-02 20:00:00,1351886400,3,coned
2012-11-02 20:05:00,1351886700,3,coned
2012-11-02 20:10:00,1351887000,0,coned
2012-11-02 20:15:00,1351887300,1,coned
2012-11-02 20:20:00,1351887600,1,coned
2012-11-02 20:25:00,1351887900,1,coned
2012-11-02 20:30:00,1351888200,1,coned
2012-11-02 20:35:00,1351888500,0,coned
2012-11-02 20:40:00,1351888800,0,coned
2012-11-02 20:45:00,1351889100,0,coned
2012-11-02 20:50:00,1351889400,1,coned
2012-11-02 20:55:00,1351889700,0,coned
2012-11-02 21:00:00,1351890000,0,coned
2012-11-02 21:05:00,1351890300,0,coned
2012-11-02 21:10:00,1351890600,3,coned
2012-11-02 21:15:00,1351890900,0,coned
2012-11-02 21:20:00,1351891200,0,coned
2012-11-02 21:25:00,1351891500,1,coned
2012-11-02 21:30:00,1351891800,0,coned
2012-11-02 21:35:00,1351892100,1,coned
2012-11-02 21:40:00,1351892400,1,coned
2012-11-02 21:45:00,1351892700,4,coned
2012-11-02 21:50:00,1351893000,6,coned
2012-11-02 21:55:00,1351893300,113,coned
2012-11-02 22:00:00,1351893600,75,coned
2012-11-02 22:05:00,1351893900,105,coned
2012-11-02 22:10:00,1351894200,123,coned
2012-11-02 22:15:00,1351894500,72,coned
2012-11-02 22:20:00,1351894800,39,coned
2012-11-02 22:25:00,1351895100,44,coned
2012-11-02 22:30:00,1351895400,30,coned
2012-11-02 22:35:00,1351895700,15,coned
2012-11-02 22:40:00,1351896000,23,coned
2012-11-02 22:45:00,1351896300,29,coned
2012-11-02 22:50:00,1351896600,20,coned
2012-11-02 22:55:00,1351896900,17,coned
2012-11-02 23:00:00,1351897200,10,coned
2012-11-02 23:05:00,1351897500,12,coned
2012-11-02 23:10:00,1351897800,12,coned
2012-11-02 23:15:00,1351898100,12,coned
2012-11-02 23:20:00,1351898400,2,coned
2012-11-02 23:25:00,1351898700,7,coned
2012-11-02 23:30:00,1351899000,4,coned
2012-11-02 23:35:00,1351899300,6,coned
2012-11-02 23:40:00,1351899600,5,coned
2012-11-02 23:45:00,1351899900,4,coned
2012-11-02 23:50:00,1351900200,2,coned
2012-11-02 23:55:00,1351900500,2,coned
2012-11-03 00:00:00,1351900800,3,coned
2012-11-03 00:05:00,1351901100,3,coned
2012-11-03 00:10:00,1351901400,2,coned
2012-11-03 00:15:00,1351901700,4,coned
2012-11-03 00:20:00,1351902000,3,coned
2012-11-03 00:25:00,1351902300,0,coned
2012-11-03 00:30:00,1351902600,4,coned
2012-11-03 00:35:00,1351902900,0,coned
2012-11-03 00:40:00,1351903200,2,coned
2012-11-03 00:45:00,1351903500,3,coned
2012-11-03 00:50:00,1351903800,2,coned
2012-11-03 00:55:00,1351904100,3,coned
2012-11-03 01:00:00,1351904400,2,coned
2012-11-03 01:05:00,1351904700,3,coned
2012-11-03 01:10:00,1351905000,0,coned
2012-11-03 01:15:00,1351905300,2,coned
2012-11-03 01:20:00,1351905600,1,coned
2012-11-03 01:25:00,1351905900,4,coned
2012-11-03 01:30:00,1351906200,5,coned
2012-11-03 01:35:00,1351906500,3,coned
2012-11-03 01:40:00,1351906800,4,coned
2012-11-03 01:45:00,1351907100,6,coned
2012-11-03 01:50:00,1351907400,10,coned
2012-11-03 01:55:00,1351907700,2,coned
2012-11-03 02:00:00,1351908000,4,coned
2012-11-03 02:05:00,1351908300,1,coned
2012-11-03 02:10:00,1351908600,1,coned
2012-11-03 02:15:00,1351908900,2,coned
2012-11-03 02:20:00,1351909200,3,coned
2012-11-03 02:25:00,1351909500,3,coned
2012-11-03 02:30:00,1351909800,2,coned
2012-11-03 02:35:00,1351910100,2,coned
2012-11-03 02:40:00,1351910400,1,coned
2012-11-03 02:45:00,1351910700,2,coned
2012-11-03 02:50:00,1351911000,2,coned
2012-11-03 02:55:00,1351911300,1,coned
2012-11-03 03:00:00,1351911600,1,coned
2012-11-03 03:05:00,1351911900,1,coned
2012-11-03 03:10:00,1351912200,0,coned
2012-11-03 03:15:00,1351912500,1,coned
2012-11-03 03:20:00,1351912800,1,coned
2012-11-03 03:25:00,1351913100,0,coned
2012-11-03 03:30:00,1351913400,0,coned
2012-11-03 03:35:00,1351913700,1,coned
2012-11-03 03:40:00,1351914000,1,coned
2012-11-03 03:45:00,1351914300,0,coned
2012-11-03 03:50:00,1351914600,1,coned
2012-11-03 03:55:00,1351914900,0,coned
2012-11-03 04:00:00,1351915200,1,coned
2012-11-03 04:05:00,1351915500,0,coned
2012-11-03 04:10:00,1351915800,0,coned
2012-11-03 04:15:00,1351916100,1,coned
2012-11-03 04:20:00,1351916400,0,coned
2012-11-03 04:25:00,1351916700,0,coned
2012-11-03 04:30:00,1351917000,0,coned
2012-11-03 04:35:00,1351917300,1,coned
2012-11-03 04:40:00,1351917600,0,coned
2012-11-03 04:45:00,1351917900,1,coned
2012-11-03 04:50:00,1351918200,0,coned
2012-11-03 04:55:00,1351918500,0,coned
2012-11-03 05:00:00,1351918800,0,coned
2012-11-03 05:05:00,1351919100,0,coned
2012-11-03 05:10:00,1351919400,0,coned
2012-11-03 05:15:00,1351919700,0,coned
2012-11-03 05:20:00,1351920000,0,coned
2012-11-03 05:25:00,1351920300,0,coned
2012-11-03 05:30:00,1351920600,0,coned
2012-11-03 05:35:00,1351920900,0,coned
2012-11-03 05:40:00,1351921200,0,coned
2012-11-03 05:45:00,1351921500,0,coned
2012-11-03 05:50:00,1351921800,2,coned
2012-11-03 05:55:00,1351922100,0,coned
2012-11-03 06:00:00,1351922400,1,coned
2012-11-03 06:05:00,1351922700,1,coned
2012-11-03 06:10:00,1351923000,0,coned
2012-11-03 06:15:00,1351923300,0,coned
2012-11-03 06:20:00,1351923600,0,coned
2012-11-03 06:25:00,1351923900,0,coned
2012-11-03 06:30:00,1351924200,0,coned
2012-11-03 06:35:00,1351924500,0,coned
2012-11-03 06:40:00,1351924800,0,coned
2012-11-03 06:45:00,1351925100,0,coned
2012-11-03 06:50:00,1351925400,0,coned
2012-11-03 06:55:00,1351925700,0,coned
2012-11-03 07:00:00,1351926000,1,coned
2012-11-03 07:05:00,1351926300,0,coned
2012-11-03 07:10:00,1351926600,0,coned
2012-11-03 07:15:00,1351926900,1,coned
2012-11-03 07:20:00,1351927200,0,coned
2012-11-03 07:25:00,1351927500,0,coned
2012-11-03 07:30:00,1351927800,0,coned
2012-11-03 07:35:00,1351928100,0,coned
2012-11-03 07:40:00,1351928400,0,coned
2012-11-03 07:45:00,1351928700,0,coned
2012-11-03 07:50:00,1351929000,0,coned
2012-11-03 07:55:00,1351929300,1,coned
2012-11-03 08:00:00,1351929600,0,coned
2012-11-03 08:05:00,1351929900,0,coned
2012-11-03 08:10:00,1351930200,0,coned
2012-11-03 08:15:00,1351930500,0,coned
2012-11-03 08:20:00,1351930800,0,coned
2012-11-03 08:25:00,1351931100,0,coned
2012-11-03 08:30:00,1351931400,0,coned
2012-11-03 08:35:00,1351931700,0,coned
2012-11-03 08:40:00,1351932000,0,coned
2012-11-03 08:45:00,1351932300,0,coned
2012-11-03 08:50:00,1351932600,0,coned
2012-11-03 08:55:00,1351932900,0,coned
2012-11-03 09:00:00,1351933200,0,coned
2012-11-03 09:05:00,1351933500,0,coned
2012-11-03 09:10:00,1351933800,0,coned
2012-11-03 09:15:00,1351934100,0,coned
2012-11-03 09:20:00,1351934400,0,coned
2012-11-03 09:25:00,1351934700,1,coned
2012-11-03 09:30:00,1351935000,0,coned
2012-11-03 09:35:00,1351935300,0,coned
2012-11-03 09:40:00,1351935600,0,coned
2012-11-03 09:45:00,1351935900,0,coned
2012-11-03 09:50:00,1351936200,0,coned
2012-11-03 09:55:00,1351936500,0,coned
2012-11-03 10:00:00,1351936800,0,coned
2012-11-03 10:05:00,1351937100,0,coned
2012-11-03 10:10:00,1351937400,0,coned
2012-11-03 10:15:00,1351937700,1,coned
2012-11-03 10:20:00,1351938000,0,coned
2012-11-03 10:25:00,1351938300,0,coned
2012-11-03 10:30:00,1351938600,0,coned
2012-11-03 10:35:00,1351938900,0,coned
2012-11-03 10:40:00,1351939200,0,coned
2012-11-03 10:45:00,1351939500,0,coned
2012-11-03 10:50:00,1351939800,0,coned
2012-11-03 10:55:00,1351940100,0,coned
2012-11-03 11:00:00,1351940400,0,coned
2012-11-03 11:05:00,1351940700,0,coned
2012-11-03 11:10:00,1351941000,0,coned
2012-11-03 11:15:00,1351941300,0,coned
2012-11-03 11:20:00,1351941600,1,coned
2012-11-03 11:25:00,1351941900,0,coned
2012-11-03 11:30:00,1351942200,0,coned
2012-11-03 11:35:00,1351942500,0,coned
2012-11-03 11:40:00,1351942800,0,coned
2012-11-03 11:45:00,1351943100,0,coned
2012-11-03 11:50:00,1351943400,1,coned
2012-11-03 11:55:00,1351943700,0,coned
2012-11-03 12:00:00,1351944000,0,coned
2012-11-03 12:05:00,1351944300,0,coned
2012-11-03 12:10:00,1351944600,0,coned
2012-11-03 12:15:00,1351944900,0,coned
2012-11-03 12:20:00,1351945200,0,coned
2012-11-03 12:25:00,1351945500,0,coned
2012-11-03 12:30:00,1351945800,0,coned
2012-11-03 12:35:00,1351946100,0,coned
2012-11-03 12:40:00,1351946400,0,coned
2012-11-03 12:45:00,1351946700,1,coned
2012-11-03 12:50:00,1351947000,0,coned
2012-11-03 12:55:00,1351947300,1,coned
2012-11-03 13:00:00,1351947600,0,coned
2012-11-03 13:05:00,1351947900,0,coned
2012-11-03 13:10:00,1351948200,0,coned
2012-11-03 13:15:00,1351948500,1,coned
2012-11-03 13:20:00,1351948800,0,coned
2012-11-03 13:25:00,1351949100,1,coned
2012-11-03 13:30:00,1351949400,1,coned
2012-11-03 13:35:00,1351949700,1,coned
2012-11-03 13:40:00,1351950000,0,coned
2012-11-03 13:45:00,1351950300,0,coned
2012-11-03 13:50:00,1351950600,0,coned
2012-11-03 13:55:00,1351950900,0,coned
2012-11-03 14:00:00,1351951200,0,coned
2012-11-03 14:05:00,1351951500,0,coned
2012-11-03 14:10:00,1351951800,0,coned
2012-11-03 14:15:00,1351952100,0,coned
2012-11-03 14:20:00,1351952400,0,coned
2012-11-03 14:25:00,1351952700,0,coned
2012-11-03 14:30:00,1351953000,0,coned
2012-11-03 14:35:00,1351953300,0,coned
2012-11-03 14:40:00,1351953600,0,coned
2012-11-03 14:45:00,1351953900,0,coned
2012-11-03 14:50:00,1351954200,0,coned
2012-11-03 14:55:00,1351954500,0,coned
2012-11-03 15:00:00,1351954800,0,coned
2012-11-03 15:05:00,1351955100,0,coned
2012-11-03 15:10:00,1351955400,1,coned
2012-11-03 15:15:00,1351955700,1,coned
2012-11-03 15:20:00,1351956000,0,coned
2012-11-03 15:25:00,1351956300,0,coned
2012-11-03 15:30:00,1351956600,0,coned
2012-11-03 15:35:00,1351956900,0,coned
2012-11-03 15:40:00,1351957200,1,coned
2012-11-03 15:45:00,1351957500,0,coned
2012-11-03 15:50:00,1351957800,1,coned
2012-11-03 15:55:00,1351958100,0,coned
2012-11-03 16:00:00,1351958400,0,coned
2012-11-03 16:05:00,1351958700,0,coned
2012-11-03 16:10:00,1351959000,0,coned
2012-11-03 16:15:00,1351959300,0,coned
2012-11-03 16:20:00,1351959600,0,coned
2012-11-03 16:25:00,1351959900,0,coned
2012-11-03 16:30:00,1351960200,0,coned
2012-11-03 16:35:00,1351960500,0,coned
2012-11-03 16:40:00,1351960800,0,coned
2012-11-03 16:45:00,1351961100,0,coned
2012-11-03 16:50:00,1351961400,0,coned
2012-11-03 16:55:00,1351961700,0,coned
2012-11-03 17:00:00,1351962000,0,coned
2012-11-03 17:05:00,1351962300,0,coned
2012-11-03 17:10:00,1351962600,0,coned
2012-11-03 17:15:00,1351962900,0,coned
2012-11-03 17:20:00,1351963200,0,coned
2012-11-03 17:25:00,1351963500,0,coned
2012-11-03 17:30:00,1351963800,0,coned
2012-11-03 17:35:00,1351964100,0,coned
2012-11-03 17:40:00,1351964400,0,coned
2012-11-03 17:45:00,1351964700,0,coned
2012-11-03 17:50:00,1351965000,0,coned
2012-11-03 17:55:00,1351965300,0,coned
2012-11-03 18:00:00,1351965600,0,coned
2012-11-03 18:05:00,1351965900,0,coned
2012-11-03 18:10:00,1351966200,0,coned
2012-11-03 18:15:00,1351966500,0,coned
2012-11-03 18:20:00,1351966800,0,coned
2012-11-03 18:25:00,1351967100,0,coned
2012-11-03 18:30:00,1351967400,0,coned
2012-11-03 18:35:00,1351967700,0,coned
2012-11-03 18:40:00,1351968000,1,coned
2012-11-03 18:45:00,1351968300,0,coned
2012-11-03 18:50:00,1351968600,0,coned
2012-11-03 18:55:00,1351968900,0,coned
2012-11-03 19:00:00,1351969200,0,coned
2012-11-03 19:05:00,1351969500,0,coned
2012-11-03 19:10:00,1351969800,0,coned
2012-11-03 19:15:00,1351970100,0,coned
2012-11-03 19:20:00,1351970400,0,coned
2012-11-03 19:25:00,1351970700,0,coned
2012-11-03 19:30:00,1351971000,0,coned
2012-11-03 19:35:00,1351971300,0,coned
2012-11-03 19:40:00,1351971600,0,coned
2012-11-03 19:45:00,1351971900,0,coned
2012-11-03 19:50:00,1351972200,0,coned
2012-11-03 19:55:00,1351972500,0,coned
2012-11-03 20:00:00,1351972800,0,coned
2012-11-03 20:05:00,1351973100,0,coned
2012-11-03 20:10:00,1351973400,0,coned
2012-11-03 20:15:00,1351973700,0,coned
2012-11-03 20:20:00,1351974000,0,coned
2012-11-03 20:25:00,1351974300,0,coned
2012-11-03 20:30:00,1351974600,0,coned
2012-11-03 20:35:00,1351974900,0,coned
2012-11-03 20:40:00,1351975200,0,coned
2012-11-03 20:45:00,1351975500,0,coned
2012-11-03 20:50:00,1351975800,0,coned
2012-11-03 20:55:00,1351976100,0,coned
2012-11-03 21:00:00,1351976400,0,coned
2012-11-03 21:05:00,1351976700,0,coned
2012-11-03 21:10:00,1351977000,0,coned
2012-11-03 21:15:00,1351977300,0,coned
2012-11-03 21:20:00,1351977600,0,coned
2012-11-03 21:25:00,1351977900,0,coned
2012-11-03 21:30:00,1351978200,0,coned
2012-11-03 21:35:00,1351978500,0,coned
2012-11-03 21:40:00,1351978800,0,coned
2012-11-03 21:45:00,1351979100,0,coned
2012-11-03 21:50:00,1351979400,0,coned
2012-11-03 21:55:00,1351979700,0,coned
2012-11-03 22:00:00,1351980000,0,coned
2012-11-03 22:05:00,1351980300,0,coned
2012-11-03 22:10:00,1351980600,0,coned
2012-11-03 22:15:00,1351980900,0,coned
2012-11-03 22:20:00,1351981200,0,coned
2012-11-03 22:25:00,1351981500,0,coned
2012-11-02 17:01:00,1351875660,1,fake
2012-11-02 17:06:00,1351875960,0,fake
2012-11-02 17:11:00,1351876260,0,fake
2012-11-02 17:16:00,1351876560,0,fake
2012-11-02 17:21:00,1351876860,0,fake
2012-11-02 17:26:00,1351877160,0,fake
2012-11-02 17:31:00,1351877460,0,fake
2012-11-02 17:36:00,1351877760,0,fake
2012-11-02 17:41:00,1351878060,0,fake
2012-11-02 17:46:00,1351878360,0,fake
2012-11-02 17:51:00,1351878660,0,fake
2012-11-02 17:56:00,1351878960,0,fake
2012-11-02 18:01:00,1351879260,0,fake
2012-11-02 18:06:00,1351879560,0,fake
2012-11-02 18:11:00,1351879860,2,fake
2012-11-02 18:16:00,1351880160,4,fake
2012-11-02 18:21:00,1351880460,1,fake
2012-11-02 18:26:00,1351880760,2,fake
2012-11-02 18:31:00,1351881060,2,fake
2012-11-02 18:36:00,1351881360,5,fake
2012-11-02 18:41:00,1351881660,1,fake
2012-11-02 18:46:00,1351881960,3,fake
2012-11-02 18:51:00,1351882260,0,fake
2012-11-02 18:56:00,1351882560,2,fake
2012-11-02 19:01:00,1351882860,0,fake
2012-11-02 19:06:00,1351883160,1,fake
2012-11-02 19:11:00,1351883460,0,fake
2012-11-02 19:16:00,1351883760,0,fake
2012-11-02 19:21:00,1351884060,0,fake
2012-11-02 19:26:00,1351884360,1,fake
2012-11-02 19:31:00,1351884660,0,fake
2012-11-02 19:36:00,1351884960,2,fake
2012-11-02 19:41:00,1351885260,0,fake
2012-11-02 19:46:00,1351885560,0,fake
2012-11-02 19:51:00,1351885860,2,fake
2012-11-02 19:56:00,1351886160,0,fake
2012-11-02 20:01:00,1351886460,0,fake
2012-11-02 20:06:00,1351886760,0,fake
2012-11-02 20:11:00,1351887060,0,fake
2012-11-02 20:16:00,1351887360,0,fake
2012-11-02 20:21:00,1351887660,0,fake
2012-11-02 20:26:00,1351887960,0,fake
2012-11-02 20:31:00,1351888260,0,fake
2012-11-02 20:36:00,1351888560,0,fake
2012-11-02 20:41:00,1351888860,0,fake
2012-11-02 20:46:00,1351889160,0,fake
2012-11-02 20:51:00,1351889460,0,fake
2012-11-02 20:56:00,1351889760,0,fake
2012-11-02 21:01:00,1351890060,0,fake
2012-11-02 21:06:00,1351890360,0,fake
2012-11-02 21:11:00,1351890660,0,fake
2012-11-02 21:16:00,1351890960,0,fake
2012-11-02 21:21:00,1351891260,0,fake
2012-11-02 21:26:00,1351891560,0,fake
2012-11-02 21:31:00,1351891860,0,fake
2012-11-02 21:36:00,1351892160,1,fake
2012-11-02 21:41:00,1351892460,0,fake
2012-11-02 21:46:00,1351892760,0,fake
2012-11-02 21:51:00,1351893060,0,fake
2012-11-02 21:56:00,1351893360,0,fake
2012-11-02 22:01:00,1351893660,0,fake
2012-11-02 22:06:00,1351893960,0,fake
2012-11-02 22:11:00,1351894260,0,fake
2012-11-02 22:16:00,1351894560,0,fake
2012-11-02 22:21:00,1351894860,0,fake
2012-11-02 22:26:00,1351895160,0,fake
2012-11-02 19:39:00,1351885140,2,real
2012-11-02 19:44:00,1351885440,0,real
2012-11-02 19:49:00,1351885740,0,real
2012-11-02 19:54:00,1351886040,0,real
2012-11-02 19:59:00,1351886340,0,real
2012-11-02 20:04:00,1351886640,0,real
2012-11-02 20:09:00,1351886940,0,real
2012-11-02 20:14:00,1351887240,0,real
2012-11-02 20:19:00,1351887540,0,real
2012-11-02 20:24:00,1351887840,0,real
2012-11-02 20:29:00,1351888140,0,real
2012-11-02 20:34:00,1351888440,0,real
2012-11-02 20:39:00,1351888740,0,real
2012-11-02 20:44:00,1351889040,0,real
2012-11-02 20:49:00,1351889340,0,real
2012-11-02 20:54:00,1351889640,0,real
2012-11-02 20:59:00,1351889940,0,real
2012-11-02 21:04:00,1351890240,0,real
2012-11-02 21:09:00,1351890540,0,real
2012-11-02 21:14:00,1351890840,0,real
2012-11-02 21:19:00,1351891140,0,real
2012-11-02 21:24:00,1351891440,0,real
2012-11-02 21:29:00,1351891740,0,real
2012-11-02 21:34:00,1351892040,0,real
2012-11-02 21:39:00,1351892340,0,real
2012-11-02 21:44:00,1351892640,0,real
2012-11-02 21:49:00,1351892940,0,real
2012-11-02 21:54:00,1351893240,95,real
2012-11-02 21:59:00,1351893540,70,real
2012-11-02 22:04:00,1351893840,75,real
2012-11-02 22:09:00,1351894140,128,real
2012-11-02 22:14:00,1351894440,71,real
2012-11-02 22:19:00,1351894740,34,real
2012-11-02 22:24:00,1351895040,39,real
2012-11-02 22:29:00,1351895340,32,real
2012-11-02 22:34:00,1351895640,15,real
2012-11-02 22:39:00,1351895940,17,real
2012-11-02 22:44:00,1351896240,23,real
2012-11-02 22:49:00,1351896540,15,real
2012-11-02 22:54:00,1351896840,16,real
2012-11-02 22:59:00,1351897140,9,real
2012-11-02 23:04:00,1351897440,11,real
2012-11-02 23:09:00,1351897740,6,real
2012-11-02 23:14:00,1351898040,11,real
2012-11-02 23:19:00,1351898340,1,real
2012-11-02 23:24:00,1351898640,5,real
2012-11-02 23:29:00,1351898940,3,real
2012-11-02 23:34:00,1351899240,6,real
2012-11-02 23:39:00,1351899540,5,real
2012-11-02 23:44:00,1351899840,4,real
2012-11-02 23:49:00,1351900140,1,real
2012-11-02 23:54:00,1351900440,0,real
2012-11-02 23:59:00,1351900740,4,real
2012-11-03 00:04:00,1351901040,3,real
2012-11-03 00:09:00,1351901340,2,real
2012-11-03 00:14:00,1351901640,2,real
2012-11-03 00:19:00,1351901940,2,real
2012-11-03 00:24:00,1351902240,1,real
2012-11-03 00:29:00,1351902540,2,real
2012-11-03 00:34:00,1351902840,1,real
2012-11-03 00:39:00,1351903140,1,real
2012-11-03 00:44:00,1351903440,3,real
2012-11-03 00:49:00,1351903740,3,real
2012-11-03 00:54:00,1351904040,2,real
2012-11-03 00:59:00,1351904340,3,real
2012-11-03 01:04:00,1351904640,2,real
2012-11-03 01:09:00,1351904940,1,real
2012-11-03 01:14:00,1351905240,2,real
2012-11-03 01:19:00,1351905540,0,real
2012-11-03 01:24:00,1351905840,3,real
2012-11-03 01:29:00,1351906140,7,real
2012-11-03 01:34:00,1351906440,2,real
2012-11-03 01:39:00,1351906740,3,real
2012-11-03 01:44:00,1351907040,5,real
2012-11-03 01:49:00,1351907340,9,real
2012-11-03 01:54:00,1351907640,4,real
2012-11-03 01:59:00,1351907940,4,real
2012-11-03 02:04:00,1351908240,1,real
2012-11-03 02:09:00,1351908540,1,real
2012-11-03 02:14:00,1351908840,2,real
2012-11-03 02:19:00,1351909140,2,real
2012-11-03 02:24:00,1351909440,2,real
2012-11-03 02:29:00,1351909740,2,real
2012-11-03 02:34:00,1351910040,1,real
2012-11-03 02:39:00,1351910340,2,real
2012-11-03 02:44:00,1351910640,1,real
2012-11-03 02:49:00,1351910940,2,real
2012-11-03 02:54:00,1351911240,2,real
2012-11-03 02:59:00,1351911540,1,real
2012-11-03 03:04:00,1351911840,0,real
2012-11-03 03:09:00,1351912140,0,real
2012-11-03 03:14:00,1351912440,1,real
2012-11-03 03:19:00,1351912740,1,real
2012-11-03 03:24:00,1351913040,0,real
2012-11-03 03:29:00,1351913340,0,real
2012-11-03 03:34:00,1351913640,0,real
2012-11-03 03:39:00,1351913940,0,real
2012-11-03 03:44:00,1351914240,0,real
2012-11-03 03:49:00,1351914540,0,real
2012-11-03 03:54:00,1351914840,0,real
2012-11-03 03:59:00,1351915140,0,real
2012-11-03 04:04:00,1351915440,0,real
2012-11-03 04:09:00,1351915740,0,real
2012-11-03 04:14:00,1351916040,1,real
2012-11-03 04:19:00,1351916340,0,real
2012-11-03 04:24:00,1351916640,0,real
2012-11-03 04:29:00,1351916940,0,real
2012-11-03 04:34:00,1351917240,0,real
2012-11-03 04:39:00,1351917540,0,real
2012-11-03 04:44:00,1351917840,0,real
2012-11-03 04:49:00,1351918140,0,real
2012-11-03 04:54:00,1351918440,0,real
2012-11-03 04:59:00,1351918740,0,real
2012-11-03 05:04:00,1351919040,0,real
2012-11-03 05:09:00,1351919340,0,real
2012-11-03 05:14:00,1351919640,0,real
2012-11-03 05:19:00,1351919940,0,real
2012-11-03 05:24:00,1351920240,0,real
2012-11-03 05:29:00,1351920540,0,real
2012-11-03 05:34:00,1351920840,0,real
2012-11-03 05:39:00,1351921140,0,real
2012-11-03 05:44:00,1351921440,0,real
2012-11-03 05:49:00,1351921740,2,real
2012-11-03 05:54:00,1351922040,0,real
2012-11-03 05:59:00,1351922340,1,real
2012-11-03 06:04:00,1351922640,1,real
2012-11-03 06:09:00,1351922940,0,real
2012-11-03 06:14:00,1351923240,0,real
2012-11-03 06:19:00,1351923540,0,real
2012-11-03 06:24:00,1351923840,0,real
2012-11-03 06:29:00,1351924140,0,real
2012-11-03 06:34:00,1351924440,0,real
2012-11-03 06:39:00,1351924740,0,real
2012-11-03 06:44:00,1351925040,0,real
2012-11-03 06:49:00,1351925340,0,real
2012-11-03 06:54:00,1351925640,0,real
2012-11-03 06:59:00,1351925940,1,real
2012-11-03 07:04:00,1351926240,0,real
2012-11-03 07:09:00,1351926540,0,real
2012-11-03 07:14:00,1351926840,1,real
2012-11-03 07:19:00,1351927140,0,real
2012-11-03 07:24:00,1351927440,0,real
2012-11-03 07:29:00,1351927740,0,real
2012-11-03 07:34:00,1351928040,0,real
2012-11-03 07:39:00,1351928340,0,real
2012-11-03 07:44:00,1351928640,0,real
2012-11-03 07:49:00,1351928940,0,real
2012-11-03 07:54:00,1351929240,0,real
2012-11-03 07:59:00,1351929540,1,real
2012-11-03 08:04:00,1351929840,0,real
2012-11-03 08:09:00,1351930140,0,real
2012-11-03 08:14:00,1351930440,0,real
2012-11-03 08:19:00,1351930740,0,real
2012-11-03 08:24:00,1351931040,0,real
2012-11-03 08:29:00,1351931340,0,real
2012-11-03 08:34:00,1351931640,0,real
2012-11-03 08:39:00,1351931940,0,real
2012-11-03 08:44:00,1351932240,0,real
2012-11-03 08:49:00,1351932540,0,real
2012-11-03 08:54:00,1351932840,0,real
2012-11-03 08:59:00,1351933140,0,real
2012-11-03 09:04:00,1351933440,0,real
2012-11-03 09:09:00,1351933740,0,real
2012-11-03 09:14:00,1351934040,0,real
2012-11-03 09:19:00,1351934340,0,real
2012-11-03 09:24:00,1351934640,1,real
2012-11-03 09:29:00,1351934940,0,real
2012-11-03 09:34:00,1351935240,0,real
2012-11-03 09:39:00,1351935540,0,real
2012-11-03 09:44:00,1351935840,0,real
2012-11-03 09:49:00,1351936140,0,real
2012-11-03 09:54:00,1351936440,0,real
2012-11-03 09:59:00,1351936740,0,real
2012-11-03 10:04:00,1351937040,0,real
2012-11-03 10:09:00,1351937340,0,real
2012-11-03 10:14:00,1351937640,1,real
2012-11-03 10:19:00,1351937940,0,real
2012-11-03 10:24:00,1351938240,0,real
2012-11-03 10:29:00,1351938540,0,real
2012-11-03 10:34:00,1351938840,0,real
2012-11-03 10:39:00,1351939140,0,real
2012-11-03 10:44:00,1351939440,0,real
2012-11-03 10:49:00,1351939740,0,real
2012-11-03 10:54:00,1351940040,0,real
2012-11-03 10:59:00,1351940340,0,real
2012-11-03 11:04:00,1351940640,0,real
2012-11-03 11:09:00,1351940940,0,real
2012-11-03 11:14:00,1351941240,0,real
2012-11-03 11:19:00,1351941540,1,real
2012-11-03 11:24:00,1351941840,0,real
2012-11-03 11:29:00,1351942140,0,real
2012-11-03 11:34:00,1351942440,0,real
2012-11-03 11:39:00,1351942740,0,real
2012-11-03 11:44:00,1351943040,0,real
2012-11-03 11:49:00,1351943340,0,real
2012-11-03 11:54:00,1351943640,0,real
2012-11-03 11:59:00,1351943940,0,real
2012-11-03 12:04:00,1351944240,0,real
2012-11-03 12:09:00,1351944540,0,real
2012-11-03 12:14:00,1351944840,0,real
2012-11-03 12:19:00,1351945140,0,real
2012-11-03 12:24:00,1351945440,0,real
2012-11-03 12:29:00,1351945740,0,real
2012-11-03 12:34:00,1351946040,0,real
2012-11-03 12:39:00,1351946340,0,real
2012-11-03 12:44:00,1351946640,1,real
2012-11-03 12:49:00,1351946940,0,real
2012-11-03 12:54:00,1351947240,1,real
2012-11-03 12:59:00,1351947540,0,real
2012-11-03 13:04:00,1351947840,0,real
2012-11-03 13:09:00,1351948140,0,real
2012-11-03 13:14:00,1351948440,0,real
2012-11-03 13:19:00,1351948740,0,real
2012-11-03 13:24:00,1351949040,1,real
2012-11-03 13:29:00,1351949340,0,real
2012-11-03 13:34:00,1351949640,0,real
2012-11-03 13:39:00,1351949940,0,real
2012-11-03 13:44:00,1351950240,0,real
2012-11-03 13:49:00,1351950540,0,real
2012-11-03 13:54:00,1351950840,0,real
2012-11-03 13:59:00,1351951140,0,real
2012-11-03 14:04:00,1351951440,0,real
2012-11-03 14:09:00,1351951740,0,real
2012-11-03 14:14:00,1351952040,0,real
2012-11-03 14:19:00,1351952340,0,real
2012-11-03 14:24:00,1351952640,0,real
2012-11-03 14:29:00,1351952940,0,real
2012-11-03 14:34:00,1351953240,0,real
2012-11-03 14:39:00,1351953540,0,real
2012-11-03 14:44:00,1351953840,0,real
2012-11-03 14:49:00,1351954140,0,real
2012-11-03 14:54:00,1351954440,0,real
2012-11-03 14:59:00,1351954740,0,real
2012-11-03 15:04:00,1351955040,0,real
2012-11-03 15:09:00,1351955340,1,real
2012-11-03 15:14:00,1351955640,1,real
2012-11-03 15:19:00,1351955940,0,real
2012-11-03 15:24:00,1351956240,0,real
2012-11-03 15:29:00,1351956540,0,real
2012-11-03 15:34:00,1351956840,0,real
2012-11-03 15:39:00,1351957140,1,real
2012-11-03 15:44:00,1351957440,0,real
2012-11-03 15:49:00,1351957740,1,real
2012-11-03 15:54:00,1351958040,0,real
2012-11-03 15:59:00,1351958340,0,real
2012-11-03 16:04:00,1351958640,0,real
2012-11-03 16:09:00,1351958940,0,real
2012-11-03 16:14:00,1351959240,0,real
2012-11-03 16:19:00,1351959540,0,real
2012-11-03 16:24:00,1351959840,0,real
2012-11-03 16:29:00,1351960140,0,real
2012-11-03 16:34:00,1351960440,0,real
2012-11-03 16:39:00,1351960740,0,real
2012-11-03 16:44:00,1351961040,0,real
2012-11-03 16:49:00,1351961340,0,real
2012-11-03 16:54:00,1351961640,0,real
2012-11-03 16:59:00,1351961940,0,real
2012-11-03 17:04:00,1351962240,0,real
2012-11-03 17:09:00,1351962540,0,real
2012-11-03 17:14:00,1351962840,0,real
2012-11-03 17:19:00,1351963140,0,real
2012-11-03 17:24:00,1351963440,0,real
2012-11-03 17:29:00,1351963740,0,real
2012-11-03 17:34:00,1351964040,0,real
2012-11-03 17:39:00,1351964340,0,real
2012-11-03 17:44:00,1351964640,0,real
2012-11-03 17:49:00,1351964940,0,real
2012-11-03 17:54:00,1351965240,0,real
2012-11-03 17:59:00,1351965540,0,real
2012-11-03 18:04:00,1351965840,0,real
2012-11-03 18:09:00,1351966140,0,real
2012-11-03 18:14:00,1351966440,0,real
2012-11-03 18:19:00,1351966740,0,real
2012-11-03 18:24:00,1351967040,0,real
2012-11-03 18:29:00,1351967340,0,real
2012-11-03 18:34:00,1351967640,0,real
2012-11-02 18:34:00,1351881240,7,robocall_disregard
2012-11-02 18:39:00,1351881540,2,robocall_disregard
2012-11-02 18:44:00,1351881840,1,robocall_disregard
2012-11-02 18:49:00,1351882140,1,robocall_disregard
2012-11-02 18:54:00,1351882440,1,robocall_disregard
2012-11-02 18:59:00,1351882740,0,robocall_disregard
2012-11-02 19:04:00,1351883040,0,robocall_disregard
2012-11-02 19:09:00,1351883340,1,robocall_disregard
2012-11-02 19:14:00,1351883640,0,robocall_disregard
2012-11-02 19:19:00,1351883940,0,robocall_disregard
2012-11-02 19:24:00,1351884240,0,robocall_disregard
2012-11-02 19:29:00,1351884540,0,robocall_disregard
2012-11-02 19:34:00,1351884840,0,robocall_disregard
2012-11-02 19:39:00,1351885140,0,robocall_disregard
2012-11-02 17:58:00,1351879080,3,robocall_restored
2012-11-02 18:03:00,1351879380,4,robocall_restored
2012-11-02 18:08:00,1351879680,7,robocall_restored
2012-11-02 18:13:00,1351879980,10,robocall_restored
2012-11-02 18:18:00,1351880280,1,robocall_restored
2012-11-02 18:23:00,1351880580,1,robocall_restored
2012-11-02 18:28:00,1351880880,2,robocall_restored
2012-11-02 18:33:00,1351881180,2,robocall_restored
2012-11-02 18:38:00,1351881480,1,robocall_restored
2012-11-02 18:43:00,1351881780,1,robocall_restored
2012-11-02 18:48:00,1351882080,0,robocall_restored
2012-11-02 18:53:00,1351882380,0,robocall_restored
2012-11-02 18:58:00,1351882680,0,robocall_restored
2012-11-02 19:03:00,1351882980,0,robocall_restored
2012-11-02 19:08:00,1351883280,0,robocall_restored
2012-11-02 19:13:00,1351883580,0,robocall_restored
2012-11-02 19:18:00,1351883880,0,robocall_restored
2012-11-02 19:23:00,1351884180,0,robocall_restored
2012-11-02 19:28:00,1351884480,0,robocall_restored
2012-11-02 19:33:00,1351884780,0,robocall_restored
2012-11-02 19:38:00,1351885080,0,robocall_restored
2012-11-02 19:43:00,1351885380,1,robocall_restored
2012-11-02 19:48:00,1351885680,0,robocall_restored
2012-11-02 19:53:00,1351885980,1,robocall_restored
2012-11-02 19:58:00,1351886280,0,robocall_restored
2012-11-02 20:03:00,1351886580,1,robocall_restored
2012-11-02 20:08:00,1351886880,0,robocall_restored
2012-11-02 20:13:00,1351887180,0,robocall_restored
2012-11-02 20:18:00,1351887480,0,robocall_restored
2012-11-02 20:23:00,1351887780,0,robocall_restored
2012-11-02 20:28:00,1351888080,0,robocall_restored
2012-11-02 20:33:00,1351888380,1,robocall_restored
2012-11-02 20:38:00,1351888680,0,robocall_restored
2012-11-02 20:43:00,1351888980,0,robocall_restored
2012-11-02 20:48:00,1351889280,0,robocall_restored
2012-11-02 20:53:00,1351889580,0,robocall_restored
2012-11-02 20:58:00,1351889880,0,robocall_restored
2012-11-02 21:03:00,1351890180,0,robocall_restored
2012-11-02 21:08:00,1351890480,0,robocall_restored
2012-11-02 21:13:00,1351890780,0,robocall_restored
2012-11-02 21:18:00,1351891080,0,robocall_restored
2012-11-02 21:23:00,1351891380,0,robocall_restored
2012-11-02 21:28:00,1351891680,0,robocall_restored
2012-11-02 21:33:00,1351891980,0,robocall_restored
2012-11-02 21:38:00,1351892280,1,robocall_restored
2012-11-02 21:43:00,1351892580,0,robocall_restored
2012-11-02 21:48:00,1351892880,0,robocall_restored
2012-11-02 21:53:00,1351893180,0,robocall_restored
2012-11-02 21:58:00,1351893480,0,robocall_restored
2012-11-02 22:03:00,1351893780,0,robocall_restored
2012-11-02 22:08:00,1351894080,0,robocall_restored
2012-11-02 22:13:00,1351894380,0,robocall_restored
2012-11-02 22:18:00,1351894680,0,robocall_restored
2012-11-02 22:23:00,1351894980,0,robocall_restored
2012-11-02 22:28:00,1351895280,0,robocall_restored
2012-11-02 22:33:00,1351895580,0,robocall_restored
2012-11-02 22:38:00,1351895880,0,robocall_restored
2012-11-02 22:43:00,1351896180,1,robocall_restored
2012-11-02 22:48:00,1351896480,0,robocall_restored
2012-11-02 22:53:00,1351896780,0,robocall_restored
2012-11-02 22:58:00,1351897080,0,robocall_restored
2012-11-02 23:03:00,1351897380,0,robocall_restored
2012-11-02 23:08:00,1351897680,0,robocall_restored
2012-11-02 23:13:00,1351897980,0,robocall_restored
2012-11-02 23:18:00,1351898280,0,robocall_restored
2012-11-02 23:23:00,1351898580,0,robocall_restored
2012-11-02 23:28:00,1351898880,0,robocall_restored
2012-11-02 23:33:00,1351899180,0,robocall_restored
2012-11-02 23:38:00,1351899480,0,robocall_restored
2012-11-02 23:43:00,1351899780,0,robocall_restored
2012-11-02 23:48:00,1351900080,0,robocall_restored
2012-11-02 23:53:00,1351900380,0,robocall_restored
2012-11-02 23:58:00,1351900680,0,robocall_restored
2012-11-03 00:03:00,1351900980,0,robocall_restored
2012-11-03 00:08:00,1351901280,0,robocall_restored
2012-11-03 00:13:00,1351901580,0,robocall_restored
2012-11-03 00:18:00,1351901880,0,robocall_restored
2012-11-03 00:23:00,1351902180,0,robocall_restored
2012-11-03 00:28:00,1351902480,0,robocall_restored
2012-11-03 00:33:00,1351902780,0,robocall_restored
2012-11-03 00:38:00,1351903080,0,robocall_restored
2012-11-03 00:43:00,1351903380,0,robocall_restored
2012-11-03 00:48:00,1351903680,0,robocall_restored
2012-11-03 00:53:00,1351903980,0,robocall_restored
2012-11-03 00:58:00,1351904280,0,robocall_restored
2012-11-03 01:03:00,1351904580,0,robocall_restored
2012-11-03 01:08:00,1351904880,0,robocall_restored
2012-11-03 01:13:00,1351905180,0,robocall_restored
2012-11-03 01:18:00,1351905480,0,robocall_restored
2012-11-03 01:23:00,1351905780,0,robocall_restored
2012-11-03 01:28:00,1351906080,0,robocall_restored
2012-11-03 01:33:00,1351906380,0,robocall_restored
2012-11-03 01:38:00,1351906680,0,robocall_restored
2012-11-03 01:43:00,1351906980,0,robocall_restored
2012-11-03 01:48:00,1351907280,0,robocall_restored
2012-11-03 01:53:00,1351907580,0,robocall_restored
2012-11-03 01:58:00,1351907880,0,robocall_restored
2012-11-03 02:03:00,1351908180,0,robocall_restored
2012-11-03 02:08:00,1351908480,0,robocall_restored
2012-11-03 02:13:00,1351908780,0,robocall_restored
2012-11-03 02:18:00,1351909080,0,robocall_restored
2012-11-03 02:23:00,1351909380,2.04081632653,robocall_restored
